seed,scenario,label,turn,available_budget_mana,used_mana,remaining_mana,violations,planting_trees_amount,house_migration_amount,dam_levee_construction_cost,paddy_dam_construction_cost,capacity_building_cost,agricultural_RnD_cost
1,01_no_policy,放置,1,10.0,0.0,10.0,,0.0,0.0,0.0,0.0,0.0,0.0
1,01_no_policy,放置,2,8.074,0.0,8.074,,0.0,0.0,0.0,0.0,0.0,0.0
1,01_no_policy,放置,3,4.757,0.0,4.757,,0.0,0.0,0.0,0.0,0.0,0.0
1,02_hard_infra,堤防偏重,1,10.0,10.0,0.0,,0.0,0.0,10.0,0.0,0.0,0.0
1,02_hard_infra,堤防偏重,2,8.074,8.074,0.0,,0.0,0.0,8.074,0.0,0.0,0.0
1,02_hard_infra,堤防偏重,3,5.31,5.31,0.0,,0.0,0.0,5.31,0.0,0.0,0.0
1,03_nature_based,自然共生偏重,1,10.0,10.0,0.0,,4.0,0.0,0.0,6.0,0.0,0.0
1,03_nature_based,自然共生偏重,2,8.077,8.077,0.0,,2.077,0.0,0.0,6.0,0.0,0.0
1,03_nature_based,自然共生偏重,3,4.894,4.894,0.0,,0.0,0.0,0.0,4.894,0.0,0.0
1,04_agri_rnd,農業R&D偏重,1,10.0,10.0,0.0,,8.0,0.0,0.0,0.0,0.0,2.0
1,04_agri_rnd,農業R&D偏重,2,8.074,8.074,0.0,,6.074,0.0,0.0,0.0,0.0,2.0
1,04_agri_rnd,農業R&D偏重,3,4.836,4.836,0.0,,2.836,0.0,0.0,0.0,0.0,2.0
1,05_relocation_capacity,移転・防災偏重,1,10.0,10.0,0.0,,0.0,9.0,0.0,0.0,1.0,0.0
1,05_relocation_capacity,移転・防災偏重,2,6.05,6.05,0.0,,0.0,5.05,0.0,0.0,1.0,0.0
1,05_relocation_capacity,移転・防災偏重,3,1.907,1.0,0.907,unused_mana=0.91,0.0,0.0,0.0,0.0,1.0,0.0
1,06_balanced,バランス型,1,10.0,10.0,0.0,,1.0,1.0,5.0,1.0,1.0,1.0
1,06_balanced,バランス型,2,8.088,8.088,0.0,,3.088,0.0,0.0,2.0,1.0,2.0
1,06_balanced,バランス型,3,5.244,5.0,0.244,unused_mana=0.24,0.0,0.0,0.0,2.0,1.0,2.0
1,07_late_response,後手対応,1,10.0,0.0,10.0,unused_mana=10.00,0.0,0.0,0.0,0.0,0.0,0.0
1,07_late_response,後手対応,2,8.074,8.0,0.074,unused_mana=0.07,0.0,0.0,5.0,0.0,1.0,2.0
1,07_late_response,後手対応,3,4.884,4.884,0.0,,0.0,0.0,0.0,1.884,1.0,2.0
1,08_ecosystem_sacrifice,生態系犠牲型,1,10.0,10.0,0.0,,0.0,0.0,10.0,0.0,0.0,0.0
1,08_ecosystem_sacrifice,生態系犠牲型,2,8.074,8.074,0.0,,0.0,0.0,8.074,0.0,0.0,0.0
1,08_ecosystem_sacrifice,生態系犠牲型,3,5.31,5.31,0.0,,0.0,0.0,5.31,0.0,0.0,0.0
1,09_flood_neglect,洪水軽視型,1,10.0,10.0,0.0,,8.0,0.0,0.0,0.0,0.0,2.0
1,09_flood_neglect,洪水軽視型,2,8.074,8.074,0.0,,6.074,0.0,0.0,0.0,0.0,2.0
1,09_flood_neglect,洪水軽視型,3,4.836,4.836,0.0,,2.836,0.0,0.0,0.0,0.0,2.0
2,01_no_policy,放置,1,10.0,0.0,10.0,,0.0,0.0,0.0,0.0,0.0,0.0
2,01_no_policy,放置,2,7.664,0.0,7.664,,0.0,0.0,0.0,0.0,0.0,0.0
2,01_no_policy,放置,3,5.181,0.0,5.181,,0.0,0.0,0.0,0.0,0.0,0.0
2,02_hard_infra,堤防偏重,1,10.0,10.0,0.0,,0.0,0.0,10.0,0.0,0.0,0.0
2,02_hard_infra,堤防偏重,2,7.758,7.758,0.0,,0.0,0.0,7.758,0.0,0.0,0.0
2,02_hard_infra,堤防偏重,3,5.636,5.636,0.0,,0.0,0.0,5.636,0.0,0.0,0.0
2,03_nature_based,自然共生偏重,1,10.0,10.0,0.0,,4.0,0.0,0.0,6.0,0.0,0.0
2,03_nature_based,自然共生偏重,2,7.69,7.69,0.0,,1.69,0.0,0.0,6.0,0.0,0.0
2,03_nature_based,自然共生偏重,3,5.29,5.29,0.0,,0.0,0.0,0.0,5.29,0.0,0.0
2,04_agri_rnd,農業R&D偏重,1,10.0,10.0,0.0,,8.0,0.0,0.0,0.0,0.0,2.0
2,04_agri_rnd,農業R&D偏重,2,7.664,7.664,0.0,,5.664,0.0,0.0,0.0,0.0,2.0
2,04_agri_rnd,農業R&D偏重,3,5.253,5.253,0.0,,3.253,0.0,0.0,0.0,0.0,2.0
2,05_relocation_capacity,移転・防災偏重,1,10.0,10.0,0.0,,0.0,9.0,0.0,0.0,1.0,0.0
2,05_relocation_capacity,移転・防災偏重,2,5.772,5.772,0.0,,0.0,4.772,0.0,0.0,1.0,0.0
2,05_relocation_capacity,移転・防災偏重,3,2.252,2.252,0.0,,0.0,1.252,0.0,0.0,1.0,0.0
2,06_balanced,バランス型,1,10.0,10.0,0.0,,1.0,1.0,5.0,1.0,1.0,1.0
2,06_balanced,バランス型,2,7.796,7.796,0.0,,2.796,0.0,0.0,2.0,1.0,2.0
2,06_balanced,バランス型,3,5.539,5.0,0.539,unused_mana=0.54,0.0,0.0,0.0,2.0,1.0,2.0
2,07_late_response,後手対応,1,10.0,0.0,10.0,unused_mana=10.00,0.0,0.0,0.0,0.0,0.0,0.0
2,07_late_response,後手対応,2,7.664,7.664,0.0,,0.0,0.0,5.0,0.0,1.0,1.664
2,07_late_response,後手対応,3,5.303,5.0,0.303,unused_mana=0.30,0.0,0.0,5.0,0.0,0.0,0.0
2,08_ecosystem_sacrifice,生態系犠牲型,1,10.0,10.0,0.0,,0.0,0.0,10.0,0.0,0.0,0.0
2,08_ecosystem_sacrifice,生態系犠牲型,2,7.758,7.758,0.0,,0.0,0.0,7.758,0.0,0.0,0.0
2,08_ecosystem_sacrifice,生態系犠牲型,3,5.636,5.636,0.0,,0.0,0.0,5.636,0.0,0.0,0.0
2,09_flood_neglect,洪水軽視型,1,10.0,10.0,0.0,,8.0,0.0,0.0,0.0,0.0,2.0
2,09_flood_neglect,洪水軽視型,2,7.664,7.664,0.0,,5.664,0.0,0.0,0.0,0.0,2.0
2,09_flood_neglect,洪水軽視型,3,5.253,5.253,0.0,,3.253,0.0,0.0,0.0,0.0,2.0
4,01_no_policy,放置,1,10.0,0.0,10.0,,0.0,0.0,0.0,0.0,0.0,0.0
4,01_no_policy,放置,2,7.674,0.0,7.674,,0.0,0.0,0.0,0.0,0.0,0.0
4,01_no_policy,放置,3,5.197,0.0,5.197,,0.0,0.0,0.0,0.0,0.0,0.0
4,02_hard_infra,堤防偏重,1,10.0,10.0,0.0,,0.0,0.0,10.0,0.0,0.0,0.0
4,02_hard_infra,堤防偏重,2,7.767,7.767,0.0,,0.0,0.0,7.767,0.0,0.0,0.0
4,02_hard_infra,堤防偏重,3,5.599,5.599,0.0,,0.0,0.0,5.599,0.0,0.0,0.0
4,03_nature_based,自然共生偏重,1,10.0,10.0,0.0,,4.0,0.0,0.0,6.0,0.0,0.0
4,03_nature_based,自然共生偏重,2,7.696,7.696,0.0,,1.696,0.0,0.0,6.0,0.0,0.0
4,03_nature_based,自然共生偏重,3,5.299,5.299,0.0,,0.0,0.0,0.0,5.299,0.0,0.0
4,04_agri_rnd,農業R&D偏重,1,10.0,10.0,0.0,,8.0,0.0,0.0,0.0,0.0,2.0
4,04_agri_rnd,農業R&D偏重,2,7.674,7.674,0.0,,5.674,0.0,0.0,0.0,0.0,2.0
4,04_agri_rnd,農業R&D偏重,3,5.255,5.255,0.0,,3.255,0.0,0.0,0.0,0.0,2.0
4,05_relocation_capacity,移転・防災偏重,1,10.0,10.0,0.0,,0.0,9.0,0.0,0.0,1.0,0.0
4,05_relocation_capacity,移転・防災偏重,2,5.759,5.759,0.0,,0.0,4.759,0.0,0.0,1.0,0.0
4,05_relocation_capacity,移転・防災偏重,3,2.267,2.267,0.0,,0.0,1.267,0.0,0.0,1.0,0.0
4,06_balanced,バランス型,1,10.0,10.0,0.0,,1.0,1.0,5.0,1.0,1.0,1.0
4,06_balanced,バランス型,2,7.792,7.792,0.0,,2.792,0.0,0.0,2.0,1.0,2.0
4,06_balanced,バランス型,3,5.549,5.0,0.549,unused_mana=0.55,0.0,0.0,0.0,2.0,1.0,2.0
4,07_late_response,後手対応,1,10.0,0.0,10.0,unused_mana=10.00,0.0,0.0,0.0,0.0,0.0,0.0
4,07_late_response,後手対応,2,7.674,7.674,0.0,,0.0,0.0,5.0,0.0,1.0,1.674
4,07_late_response,後手対応,3,5.309,5.0,0.309,unused_mana=0.31,0.0,0.0,5.0,0.0,0.0,0.0
4,08_ecosystem_sacrifice,生態系犠牲型,1,10.0,10.0,0.0,,0.0,0.0,10.0,0.0,0.0,0.0
4,08_ecosystem_sacrifice,生態系犠牲型,2,7.767,7.767,0.0,,0.0,0.0,7.767,0.0,0.0,0.0
4,08_ecosystem_sacrifice,生態系犠牲型,3,5.599,5.599,0.0,,0.0,0.0,5.599,0.0,0.0,0.0
4,09_flood_neglect,洪水軽視型,1,10.0,10.0,0.0,,8.0,0.0,0.0,0.0,0.0,2.0
4,09_flood_neglect,洪水軽視型,2,7.674,7.674,0.0,,5.674,0.0,0.0,0.0,0.0,2.0
4,09_flood_neglect,洪水軽視型,3,5.255,5.255,0.0,,3.255,0.0,0.0,0.0,0.0,2.0
67,01_no_policy,放置,1,10.0,0.0,10.0,,0.0,0.0,0.0,0.0,0.0,0.0
67,01_no_policy,放置,2,6.781,0.0,6.781,,0.0,0.0,0.0,0.0,0.0,0.0
67,01_no_policy,放置,3,3.83,0.0,3.83,,0.0,0.0,0.0,0.0,0.0,0.0
67,02_hard_infra,堤防偏重,1,10.0,10.0,0.0,,0.0,0.0,10.0,0.0,0.0,0.0
67,02_hard_infra,堤防偏重,2,6.914,6.914,0.0,,0.0,0.0,6.914,0.0,0.0,0.0
67,02_hard_infra,堤防偏重,3,4.589,4.589,0.0,,0.0,0.0,0.0,4.589,0.0,0.0
67,03_nature_based,自然共生偏重,1,10.0,10.0,0.0,,4.0,0.0,0.0,6.0,0.0,0.0
67,03_nature_based,自然共生偏重,2,6.824,6.0,0.824,unused_mana=0.82,0.0,0.0,0.0,6.0,0.0,0.0
67,03_nature_based,自然共生偏重,3,4.063,4.063,0.0,,0.0,0.0,0.0,4.063,0.0,0.0
67,04_agri_rnd,農業R&D偏重,1,10.0,10.0,0.0,,8.0,0.0,0.0,0.0,0.0,2.0
67,04_agri_rnd,農業R&D偏重,2,6.781,6.781,0.0,,4.781,0.0,0.0,0.0,0.0,2.0
67,04_agri_rnd,農業R&D偏重,3,4.002,4.002,0.0,,2.002,0.0,0.0,0.0,0.0,2.0
67,05_relocation_capacity,移転・防災偏重,1,10.0,10.0,0.0,,0.0,9.0,0.0,0.0,1.0,0.0
67,05_relocation_capacity,移転・防災偏重,2,5.011,5.011,0.0,,0.0,4.011,0.0,0.0,1.0,0.0
67,05_relocation_capacity,移転・防災偏重,3,1.459,1.0,0.459,unused_mana=0.46,0.0,0.0,0.0,0.0,1.0,0.0
67,06_balanced,バランス型,1,10.0,10.0,0.0,,1.0,1.0,5.0,1.0,1.0,1.0
67,06_balanced,バランス型,2,6.936,6.936,0.0,,1.936,0.0,0.0,2.0,1.0,2.0
67,06_balanced,バランス型,3,4.608,4.608,0.0,,0.0,0.0,0.0,1.608,1.0,2.0
67,07_late_response,後手対応,1,10.0,0.0,10.0,unused_mana=10.00,0.0,0.0,0.0,0.0,0.0,0.0
67,07_late_response,後手対応,2,6.781,6.0,0.781,unused_mana=0.78,0.0,0.0,5.0,0.0,1.0,0.0
67,07_late_response,後手対応,3,4.008,4.008,0.0,,0.0,0.0,0.0,1.008,1.0,2.0
67,08_ecosystem_sacrifice,生態系犠牲型,1,10.0,10.0,0.0,,0.0,0.0,10.0,0.0,0.0,0.0
67,08_ecosystem_sacrifice,生態系犠牲型,2,6.914,6.914,0.0,,0.0,0.0,6.914,0.0,0.0,0.0
67,08_ecosystem_sacrifice,生態系犠牲型,3,4.589,4.589,0.0,,0.0,4.589,0.0,0.0,0.0,0.0
67,09_flood_neglect,洪水軽視型,1,10.0,10.0,0.0,,8.0,0.0,0.0,0.0,0.0,2.0
67,09_flood_neglect,洪水軽視型,2,6.781,6.781,0.0,,4.781,0.0,0.0,0.0,0.0,2.0
67,09_flood_neglect,洪水軽視型,3,4.002,4.002,0.0,,2.002,0.0,0.0,0.0,0.0,2.0
239,01_no_policy,放置,1,10.0,0.0,10.0,,0.0,0.0,0.0,0.0,0.0,0.0
239,01_no_policy,放置,2,7.396,0.0,7.396,,0.0,0.0,0.0,0.0,0.0,0.0
239,01_no_policy,放置,3,3.555,0.0,3.555,,0.0,0.0,0.0,0.0,0.0,0.0
239,02_hard_infra,堤防偏重,1,10.0,10.0,0.0,,0.0,0.0,10.0,0.0,0.0,0.0
239,02_hard_infra,堤防偏重,2,7.585,7.585,0.0,,0.0,0.0,7.585,0.0,0.0,0.0
239,02_hard_infra,堤防偏重,3,4.573,4.573,0.0,,0.0,0.0,0.0,4.573,0.0,0.0
239,03_nature_based,自然共生偏重,1,10.0,10.0,0.0,,4.0,0.0,0.0,6.0,0.0,0.0
239,03_nature_based,自然共生偏重,2,7.442,7.442,0.0,,1.442,0.0,0.0,6.0,0.0,0.0
239,03_nature_based,自然共生偏重,3,3.829,3.829,0.0,,0.0,0.0,0.0,3.829,0.0,0.0
239,04_agri_rnd,農業R&D偏重,1,10.0,10.0,0.0,,8.0,0.0,0.0,0.0,0.0,2.0
239,04_agri_rnd,農業R&D偏重,2,7.396,7.396,0.0,,5.396,0.0,0.0,0.0,0.0,2.0
239,04_agri_rnd,農業R&D偏重,3,3.76,3.76,0.0,,1.76,0.0,0.0,0.0,0.0,2.0
239,05_relocation_capacity,移転・防災偏重,1,10.0,10.0,0.0,,0.0,9.0,0.0,0.0,1.0,0.0
239,05_relocation_capacity,移転・防災偏重,2,5.511,5.511,0.0,,0.0,4.511,0.0,0.0,1.0,0.0
239,05_relocation_capacity,移転・防災偏重,3,1.255,1.0,0.255,unused_mana=0.25,0.0,0.0,0.0,0.0,1.0,0.0
239,06_balanced,バランス型,1,10.0,10.0,0.0,,1.0,1.0,5.0,1.0,1.0,1.0
239,06_balanced,バランス型,2,7.59,7.59,0.0,,2.59,0.0,0.0,2.0,1.0,2.0
239,06_balanced,バランス型,3,4.5,4.5,0.0,,0.0,0.0,0.0,1.5,1.0,2.0
239,07_late_response,後手対応,1,10.0,0.0,10.0,unused_mana=10.00,0.0,0.0,0.0,0.0,0.0,0.0
239,07_late_response,後手対応,2,7.396,7.396,0.0,,0.0,0.0,5.0,0.0,1.0,1.396
239,07_late_response,後手対応,3,3.806,3.0,0.806,unused_mana=0.81,0.0,0.0,0.0,0.0,1.0,2.0
239,08_ecosystem_sacrifice,生態系犠牲型,1,10.0,10.0,0.0,,0.0,0.0,10.0,0.0,0.0,0.0
239,08_ecosystem_sacrifice,生態系犠牲型,2,7.585,7.585,0.0,,0.0,0.0,7.585,0.0,0.0,0.0
239,08_ecosystem_sacrifice,生態系犠牲型,3,4.573,4.573,0.0,,0.0,4.573,0.0,0.0,0.0,0.0
239,09_flood_neglect,洪水軽視型,1,10.0,10.0,0.0,,8.0,0.0,0.0,0.0,0.0,2.0
239,09_flood_neglect,洪水軽視型,2,7.396,7.396,0.0,,5.396,0.0,0.0,0.0,0.0,2.0
239,09_flood_neglect,洪水軽視型,3,3.76,3.76,0.0,,1.76,0.0,0.0,0.0,0.0,2.0
333,01_no_policy,放置,1,10.0,0.0,10.0,,0.0,0.0,0.0,0.0,0.0,0.0
333,01_no_policy,放置,2,6.965,0.0,6.965,,0.0,0.0,0.0,0.0,0.0,0.0
333,01_no_policy,放置,3,4.462,0.0,4.462,,0.0,0.0,0.0,0.0,0.0,0.0
333,02_hard_infra,堤防偏重,1,10.0,10.0,0.0,,0.0,0.0,10.0,0.0,0.0,0.0
333,02_hard_infra,堤防偏重,2,7.101,7.101,0.0,,0.0,0.0,7.101,0.0,0.0,0.0
333,02_hard_infra,堤防偏重,3,5.283,5.283,0.0,,0.0,0.0,5.283,0.0,0.0,0.0
333,03_nature_based,自然共生偏重,1,10.0,10.0,0.0,,4.0,0.0,0.0,6.0,0.0,0.0
333,03_nature_based,自然共生偏重,2,7.005,7.005,0.0,,1.005,0.0,0.0,6.0,0.0,0.0
333,03_nature_based,自然共生偏重,3,4.68,4.68,0.0,,0.0,0.0,0.0,4.68,0.0,0.0
333,04_agri_rnd,農業R&D偏重,1,10.0,10.0,0.0,,8.0,0.0,0.0,0.0,0.0,2.0
333,04_agri_rnd,農業R&D偏重,2,6.965,6.965,0.0,,4.965,0.0,0.0,0.0,0.0,2.0
333,04_agri_rnd,農業R&D偏重,3,4.652,4.652,0.0,,2.652,0.0,0.0,0.0,0.0,2.0
333,05_relocation_capacity,移転・防災偏重,1,10.0,10.0,0.0,,0.0,9.0,0.0,0.0,1.0,0.0
333,05_relocation_capacity,移転・防災偏重,2,5.201,5.201,0.0,,0.0,4.201,0.0,0.0,1.0,0.0
333,05_relocation_capacity,移転・防災偏重,3,2.029,2.029,0.0,,0.0,1.029,0.0,0.0,1.0,0.0
333,06_balanced,バランス型,1,10.0,10.0,0.0,,1.0,1.0,5.0,1.0,1.0,1.0
333,06_balanced,バランス型,2,7.119,7.119,0.0,,2.119,0.0,0.0,2.0,1.0,2.0
333,06_balanced,バランス型,3,5.163,5.0,0.163,unused_mana=0.16,0.0,0.0,0.0,2.0,1.0,2.0
333,07_late_response,後手対応,1,10.0,0.0,10.0,unused_mana=10.00,0.0,0.0,0.0,0.0,0.0,0.0
333,07_late_response,後手対応,2,6.965,6.0,0.965,unused_mana=0.96,0.0,0.0,5.0,0.0,1.0,0.0
333,07_late_response,後手対応,3,4.684,4.684,0.0,,0.0,0.0,0.0,1.684,1.0,2.0
333,08_ecosystem_sacrifice,生態系犠牲型,1,10.0,10.0,0.0,,0.0,0.0,10.0,0.0,0.0,0.0
333,08_ecosystem_sacrifice,生態系犠牲型,2,7.101,7.101,0.0,,0.0,0.0,7.101,0.0,0.0,0.0
333,08_ecosystem_sacrifice,生態系犠牲型,3,5.283,5.283,0.0,,0.0,0.0,5.283,0.0,0.0,0.0
333,09_flood_neglect,洪水軽視型,1,10.0,10.0,0.0,,8.0,0.0,0.0,0.0,0.0,2.0
333,09_flood_neglect,洪水軽視型,2,6.965,6.965,0.0,,4.965,0.0,0.0,0.0,0.0,2.0
333,09_flood_neglect,洪水軽視型,3,4.652,4.652,0.0,,2.652,0.0,0.0,0.0,0.0,2.0
334,01_no_policy,放置,1,10.0,0.0,10.0,,0.0,0.0,0.0,0.0,0.0,0.0
334,01_no_policy,放置,2,6.974,0.0,6.974,,0.0,0.0,0.0,0.0,0.0,0.0
334,01_no_policy,放置,3,4.472,0.0,4.472,,0.0,0.0,0.0,0.0,0.0,0.0
334,02_hard_infra,堤防偏重,1,10.0,10.0,0.0,,0.0,0.0,10.0,0.0,0.0,0.0
334,02_hard_infra,堤防偏重,2,7.064,7.064,0.0,,0.0,0.0,7.064,0.0,0.0,0.0
334,02_hard_infra,堤防偏重,3,5.289,5.289,0.0,,0.0,0.0,5.289,0.0,0.0,0.0
334,03_nature_based,自然共生偏重,1,10.0,10.0,0.0,,4.0,0.0,0.0,6.0,0.0,0.0
334,03_nature_based,自然共生偏重,2,7.011,7.011,0.0,,1.011,0.0,0.0,6.0,0.0,0.0
334,03_nature_based,自然共生偏重,3,4.681,4.681,0.0,,0.0,0.0,0.0,4.681,0.0,0.0
334,04_agri_rnd,農業R&D偏重,1,10.0,10.0,0.0,,8.0,0.0,0.0,0.0,0.0,2.0
334,04_agri_rnd,農業R&D偏重,2,6.974,6.974,0.0,,4.974,0.0,0.0,0.0,0.0,2.0
334,04_agri_rnd,農業R&D偏重,3,4.645,4.645,0.0,,2.645,0.0,0.0,0.0,0.0,2.0
334,05_relocation_capacity,移転・防災偏重,1,10.0,10.0,0.0,,0.0,9.0,0.0,0.0,1.0,0.0
334,05_relocation_capacity,移転・防災偏重,2,5.187,5.187,0.0,,0.0,4.187,0.0,0.0,1.0,0.0
334,05_relocation_capacity,移転・防災偏重,3,2.039,2.039,0.0,,0.0,1.039,0.0,0.0,1.0,0.0
334,06_balanced,バランス型,1,10.0,10.0,0.0,,1.0,1.0,5.0,1.0,1.0,1.0
334,06_balanced,バランス型,2,7.116,7.116,0.0,,2.116,0.0,0.0,2.0,1.0,2.0
334,06_balanced,バランス型,3,5.167,5.0,0.167,unused_mana=0.17,0.0,0.0,0.0,2.0,1.0,2.0
334,07_late_response,後手対応,1,10.0,0.0,10.0,unused_mana=10.00,0.0,0.0,0.0,0.0,0.0,0.0
334,07_late_response,後手対応,2,6.974,6.0,0.974,unused_mana=0.97,0.0,0.0,5.0,0.0,1.0,0.0
334,07_late_response,後手対応,3,4.686,4.686,0.0,,0.0,0.0,0.0,1.686,1.0,2.0
334,08_ecosystem_sacrifice,生態系犠牲型,1,10.0,10.0,0.0,,0.0,0.0,10.0,0.0,0.0,0.0
334,08_ecosystem_sacrifice,生態系犠牲型,2,7.064,7.064,0.0,,0.0,0.0,7.064,0.0,0.0,0.0
334,08_ecosystem_sacrifice,生態系犠牲型,3,5.289,5.289,0.0,,0.0,0.0,5.289,0.0,0.0,0.0
334,09_flood_neglect,洪水軽視型,1,10.0,10.0,0.0,,8.0,0.0,0.0,0.0,0.0,2.0
334,09_flood_neglect,洪水軽視型,2,6.974,6.974,0.0,,4.974,0.0,0.0,0.0,0.0,2.0
334,09_flood_neglect,洪水軽視型,3,4.645,4.645,0.0,,2.645,0.0,0.0,0.0,0.0,2.0
335,01_no_policy,放置,1,10.0,0.0,10.0,,0.0,0.0,0.0,0.0,0.0,0.0
335,01_no_policy,放置,2,6.985,0.0,6.985,,0.0,0.0,0.0,0.0,0.0,0.0
335,01_no_policy,放置,3,4.483,0.0,4.483,,0.0,0.0,0.0,0.0,0.0,0.0
335,02_hard_infra,堤防偏重,1,10.0,10.0,0.0,,0.0,0.0,10.0,0.0,0.0,0.0
335,02_hard_infra,堤防偏重,2,7.074,7.074,0.0,,0.0,0.0,7.074,0.0,0.0,0.0
335,02_hard_infra,堤防偏重,3,5.145,5.145,0.0,,0.0,0.0,5.145,0.0,0.0,0.0
335,03_nature_based,自然共生偏重,1,10.0,10.0,0.0,,4.0,0.0,0.0,6.0,0.0,0.0
335,03_nature_based,自然共生偏重,2,7.017,7.017,0.0,,1.017,0.0,0.0,6.0,0.0,0.0
335,03_nature_based,自然共生偏重,3,4.683,4.683,0.0,,0.0,0.0,0.0,4.683,0.0,0.0
335,04_agri_rnd,農業R&D偏重,1,10.0,10.0,0.0,,8.0,0.0,0.0,0.0,0.0,2.0
335,04_agri_rnd,農業R&D偏重,2,6.985,6.985,0.0,,4.985,0.0,0.0,0.0,0.0,2.0
335,04_agri_rnd,農業R&D偏重,3,4.638,4.638,0.0,,2.638,0.0,0.0,0.0,0.0,2.0
335,05_relocation_capacity,移転・防災偏重,1,10.0,10.0,0.0,,0.0,9.0,0.0,0.0,1.0,0.0
335,05_relocation_capacity,移転・防災偏重,2,5.172,5.172,0.0,,0.0,4.172,0.0,0.0,1.0,0.0
335,05_relocation_capacity,移転・防災偏重,3,2.048,2.048,0.0,,0.0,1.048,0.0,0.0,1.0,0.0
335,06_balanced,バランス型,1,10.0,10.0,0.0,,1.0,1.0,5.0,1.0,1.0,1.0
335,06_balanced,バランス型,2,7.112,7.112,0.0,,2.112,0.0,0.0,2.0,1.0,2.0
335,06_balanced,バランス型,3,5.17,5.0,0.17,unused_mana=0.17,0.0,0.0,0.0,2.0,1.0,2.0
335,07_late_response,後手対応,1,10.0,0.0,10.0,unused_mana=10.00,0.0,0.0,0.0,0.0,0.0,0.0
335,07_late_response,後手対応,2,6.985,6.0,0.985,unused_mana=0.98,0.0,0.0,5.0,0.0,1.0,0.0
335,07_late_response,後手対応,3,4.688,4.688,0.0,,0.0,0.0,0.0,1.688,1.0,2.0
335,08_ecosystem_sacrifice,生態系犠牲型,1,10.0,10.0,0.0,,0.0,0.0,10.0,0.0,0.0,0.0
335,08_ecosystem_sacrifice,生態系犠牲型,2,7.074,7.074,0.0,,0.0,0.0,7.074,0.0,0.0,0.0
335,08_ecosystem_sacrifice,生態系犠牲型,3,5.145,5.145,0.0,,0.0,0.0,5.145,0.0,0.0,0.0
335,09_flood_neglect,洪水軽視型,1,10.0,10.0,0.0,,8.0,0.0,0.0,0.0,0.0,2.0
335,09_flood_neglect,洪水軽視型,2,6.985,6.985,0.0,,4.985,0.0,0.0,0.0,0.0,2.0
335,09_flood_neglect,洪水軽視型,3,4.638,4.638,0.0,,2.638,0.0,0.0,0.0,0.0,2.0
350,01_no_policy,放置,1,10.0,0.0,10.0,,0.0,0.0,0.0,0.0,0.0,0.0
350,01_no_policy,放置,2,7.479,0.0,7.479,,0.0,0.0,0.0,0.0,0.0,0.0
350,01_no_policy,放置,3,4.89,0.0,4.89,,0.0,0.0,0.0,0.0,0.0,0.0
350,02_hard_infra,堤防偏重,1,10.0,10.0,0.0,,0.0,0.0,10.0,0.0,0.0,0.0
350,02_hard_infra,堤防偏重,2,7.619,7.619,0.0,,0.0,0.0,7.619,0.0,0.0,0.0
350,02_hard_infra,堤防偏重,3,5.449,5.449,0.0,,0.0,0.0,5.449,0.0,0.0,0.0
350,03_nature_based,自然共生偏重,1,10.0,10.0,0.0,,4.0,0.0,0.0,6.0,0.0,0.0
350,03_nature_based,自然共生偏重,2,7.518,7.518,0.0,,1.518,0.0,0.0,6.0,0.0,0.0
350,03_nature_based,自然共生偏重,3,5.05,5.05,0.0,,0.0,0.0,0.0,5.05,0.0,0.0
350,04_agri_rnd,農業R&D偏重,1,10.0,10.0,0.0,,8.0,0.0,0.0,0.0,0.0,2.0
350,04_agri_rnd,農業R&D偏重,2,7.479,7.479,0.0,,5.479,0.0,0.0,0.0,0.0,2.0
350,04_agri_rnd,農業R&D偏重,3,5.014,5.014,0.0,,3.014,0.0,0.0,0.0,0.0,2.0
350,05_relocation_capacity,移転・防災偏重,1,10.0,10.0,0.0,,0.0,9.0,0.0,0.0,1.0,0.0
350,05_relocation_capacity,移転・防災偏重,2,5.604,5.604,0.0,,0.0,4.604,0.0,0.0,1.0,0.0
350,05_relocation_capacity,移転・防災偏重,3,2.162,2.162,0.0,,0.0,1.162,0.0,0.0,1.0,0.0
350,06_balanced,バランス型,1,10.0,10.0,0.0,,1.0,1.0,5.0,1.0,1.0,1.0
350,06_balanced,バランス型,2,7.632,7.632,0.0,,2.632,0.0,0.0,2.0,1.0,2.0
350,06_balanced,バランス型,3,5.411,5.0,0.411,unused_mana=0.41,0.0,0.0,0.0,2.0,1.0,2.0
350,07_late_response,後手対応,1,10.0,0.0,10.0,unused_mana=10.00,0.0,0.0,0.0,0.0,0.0,0.0
350,07_late_response,後手対応,2,7.479,7.479,0.0,,0.0,0.0,5.0,0.0,1.0,1.479
350,07_late_response,後手対応,3,5.025,5.0,0.025,,0.0,0.0,5.0,0.0,0.0,0.0
350,08_ecosystem_sacrifice,生態系犠牲型,1,10.0,10.0,0.0,,0.0,0.0,10.0,0.0,0.0,0.0
350,08_ecosystem_sacrifice,生態系犠牲型,2,7.619,7.619,0.0,,0.0,0.0,7.619,0.0,0.0,0.0
350,08_ecosystem_sacrifice,生態系犠牲型,3,5.449,5.449,0.0,,0.0,0.0,5.449,0.0,0.0,0.0
350,09_flood_neglect,洪水軽視型,1,10.0,10.0,0.0,,8.0,0.0,0.0,0.0,0.0,2.0
350,09_flood_neglect,洪水軽視型,2,7.479,7.479,0.0,,5.479,0.0,0.0,0.0,0.0,2.0
350,09_flood_neglect,洪水軽視型,3,5.014,5.014,0.0,,3.014,0.0,0.0,0.0,0.0,2.0
351,01_no_policy,放置,1,10.0,0.0,10.0,,0.0,0.0,0.0,0.0,0.0,0.0
351,01_no_policy,放置,2,7.131,0.0,7.131,,0.0,0.0,0.0,0.0,0.0,0.0
351,01_no_policy,放置,3,5.254,0.0,5.254,,0.0,0.0,0.0,0.0,0.0,0.0
351,02_hard_infra,堤防偏重,1,10.0,10.0,0.0,,0.0,0.0,10.0,0.0,0.0,0.0
351,02_hard_infra,堤防偏重,2,7.365,7.365,0.0,,0.0,0.0,7.365,0.0,0.0,0.0
351,02_hard_infra,堤防偏重,3,5.663,5.663,0.0,,0.0,0.0,5.663,0.0,0.0,0.0
351,03_nature_based,自然共生偏重,1,10.0,10.0,0.0,,4.0,0.0,0.0,6.0,0.0,0.0
351,03_nature_based,自然共生偏重,2,7.192,7.192,0.0,,1.192,0.0,0.0,6.0,0.0,0.0
351,03_nature_based,自然共生偏重,3,5.383,5.383,0.0,,0.0,0.0,0.0,5.383,0.0,0.0
351,04_agri_rnd,農業R&D偏重,1,10.0,10.0,0.0,,8.0,0.0,0.0,0.0,0.0,2.0
351,04_agri_rnd,農業R&D偏重,2,7.131,7.131,0.0,,5.131,0.0,0.0,0.0,0.0,2.0
351,04_agri_rnd,農業R&D偏重,3,5.366,5.366,0.0,,3.366,0.0,0.0,0.0,0.0,2.0
351,05_relocation_capacity,移転・防災偏重,1,10.0,10.0,0.0,,0.0,9.0,0.0,0.0,1.0,0.0
351,05_relocation_capacity,移転・防災偏重,2,5.397,5.397,0.0,,0.0,4.397,0.0,0.0,1.0,0.0
351,05_relocation_capacity,移転・防災偏重,3,2.429,2.429,0.0,,0.0,1.429,0.0,0.0,1.0,0.0
351,06_balanced,バランス型,1,10.0,10.0,0.0,,1.0,1.0,5.0,1.0,1.0,1.0
351,06_balanced,バランス型,2,7.403,7.403,0.0,,2.403,0.0,0.0,2.0,1.0,2.0
351,06_balanced,バランス型,3,5.646,5.0,0.646,unused_mana=0.65,0.0,0.0,0.0,2.0,1.0,2.0
351,07_late_response,後手対応,1,10.0,0.0,10.0,unused_mana=10.00,0.0,0.0,0.0,0.0,0.0,0.0
351,07_late_response,後手対応,2,7.131,7.131,0.0,,0.0,0.0,5.0,0.0,1.0,1.131
351,07_late_response,後手対応,3,5.325,5.0,0.325,unused_mana=0.32,0.0,0.0,5.0,0.0,0.0,0.0
351,08_ecosystem_sacrifice,生態系犠牲型,1,10.0,10.0,0.0,,0.0,0.0,10.0,0.0,0.0,0.0
351,08_ecosystem_sacrifice,生態系犠牲型,2,7.365,7.365,0.0,,0.0,0.0,7.365,0.0,0.0,0.0
351,08_ecosystem_sacrifice,生態系犠牲型,3,5.663,5.663,0.0,,0.0,0.0,5.663,0.0,0.0,0.0
351,09_flood_neglect,洪水軽視型,1,10.0,10.0,0.0,,8.0,0.0,0.0,0.0,0.0,2.0
351,09_flood_neglect,洪水軽視型,2,7.131,7.131,0.0,,5.131,0.0,0.0,0.0,0.0,2.0
351,09_flood_neglect,洪水軽視型,3,5.366,5.366,0.0,,3.366,0.0,0.0,0.0,0.0,2.0
352,01_no_policy,放置,1,10.0,0.0,10.0,,0.0,0.0,0.0,0.0,0.0,0.0
352,01_no_policy,放置,2,7.139,0.0,7.139,,0.0,0.0,0.0,0.0,0.0,0.0
352,01_no_policy,放置,3,5.261,0.0,5.261,,0.0,0.0,0.0,0.0,0.0,0.0
352,02_hard_infra,堤防偏重,1,10.0,10.0,0.0,,0.0,0.0,10.0,0.0,0.0,0.0
352,02_hard_infra,堤防偏重,2,7.371,7.371,0.0,,0.0,0.0,7.371,0.0,0.0,0.0
352,02_hard_infra,堤防偏重,3,5.668,5.668,0.0,,0.0,0.0,5.668,0.0,0.0,0.0
352,03_nature_based,自然共生偏重,1,10.0,10.0,0.0,,4.0,0.0,0.0,6.0,0.0,0.0
352,03_nature_based,自然共生偏重,2,7.196,7.196,0.0,,1.196,0.0,0.0,6.0,0.0,0.0
352,03_nature_based,自然共生偏重,3,5.386,5.386,0.0,,0.0,0.0,0.0,5.386,0.0,0.0
352,04_agri_rnd,農業R&D偏重,1,10.0,10.0,0.0,,8.0,0.0,0.0,0.0,0.0,2.0
352,04_agri_rnd,農業R&D偏重,2,7.139,7.139,0.0,,5.139,0.0,0.0,0.0,0.0,2.0
352,04_agri_rnd,農業R&D偏重,3,5.365,5.365,0.0,,3.365,0.0,0.0,0.0,0.0,2.0
352,05_relocation_capacity,移転・防災偏重,1,10.0,10.0,0.0,,0.0,9.0,0.0,0.0,1.0,0.0
352,05_relocation_capacity,移転・防災偏重,2,5.394,5.394,0.0,,0.0,4.394,0.0,0.0,1.0,0.0
352,05_relocation_capacity,移転・防災偏重,3,2.434,2.434,0.0,,0.0,1.434,0.0,0.0,1.0,0.0
352,06_balanced,バランス型,1,10.0,10.0,0.0,,1.0,1.0,5.0,1.0,1.0,1.0
352,06_balanced,バランス型,2,7.405,7.405,0.0,,2.405,0.0,0.0,2.0,1.0,2.0
352,06_balanced,バランス型,3,5.649,5.0,0.649,unused_mana=0.65,0.0,0.0,0.0,2.0,1.0,2.0
352,07_late_response,後手対応,1,10.0,0.0,10.0,unused_mana=10.00,0.0,0.0,0.0,0.0,0.0,0.0
352,07_late_response,後手対応,2,7.139,7.139,0.0,,0.0,0.0,5.0,0.0,1.0,1.139
352,07_late_response,後手対応,3,5.328,5.0,0.328,unused_mana=0.33,0.0,0.0,5.0,0.0,0.0,0.0
352,08_ecosystem_sacrifice,生態系犠牲型,1,10.0,10.0,0.0,,0.0,0.0,10.0,0.0,0.0,0.0
352,08_ecosystem_sacrifice,生態系犠牲型,2,7.371,7.371,0.0,,0.0,0.0,7.371,0.0,0.0,0.0
352,08_ecosystem_sacrifice,生態系犠牲型,3,5.668,5.668,0.0,,0.0,0.0,5.668,0.0,0.0,0.0
352,09_flood_neglect,洪水軽視型,1,10.0,10.0,0.0,,8.0,0.0,0.0,0.0,0.0,2.0
352,09_flood_neglect,洪水軽視型,2,7.139,7.139,0.0,,5.139,0.0,0.0,0.0,0.0,2.0
352,09_flood_neglect,洪水軽視型,3,5.365,5.365,0.0,,3.365,0.0,0.0,0.0,0.0,2.0
422,01_no_policy,放置,1,10.0,0.0,10.0,,0.0,0.0,0.0,0.0,0.0,0.0
422,01_no_policy,放置,2,7.254,0.0,7.254,,0.0,0.0,0.0,0.0,0.0,0.0
422,01_no_policy,放置,3,5.187,0.0,5.187,,0.0,0.0,0.0,0.0,0.0,0.0
422,02_hard_infra,堤防偏重,1,10.0,10.0,0.0,,0.0,0.0,10.0,0.0,0.0,0.0
422,02_hard_infra,堤防偏重,2,7.299,7.299,0.0,,0.0,0.0,7.299,0.0,0.0,0.0
422,02_hard_infra,堤防偏重,3,5.644,5.644,0.0,,0.0,0.0,5.644,0.0,0.0,0.0
422,03_nature_based,自然共生偏重,1,10.0,10.0,0.0,,4.0,0.0,0.0,6.0,0.0,0.0
422,03_nature_based,自然共生偏重,2,7.269,7.269,0.0,,1.269,0.0,0.0,6.0,0.0,0.0
422,03_nature_based,自然共生偏重,3,5.31,5.31,0.0,,0.0,0.0,0.0,5.31,0.0,0.0
422,04_agri_rnd,農業R&D偏重,1,10.0,10.0,0.0,,8.0,0.0,0.0,0.0,0.0,2.0
422,04_agri_rnd,農業R&D偏重,2,7.254,7.254,0.0,,5.254,0.0,0.0,0.0,0.0,2.0
422,04_agri_rnd,農業R&D偏重,3,5.287,5.287,0.0,,3.287,0.0,0.0,0.0,0.0,2.0
422,05_relocation_capacity,移転・防災偏重,1,10.0,10.0,0.0,,0.0,9.0,0.0,0.0,1.0,0.0
422,05_relocation_capacity,移転・防災偏重,2,5.311,5.311,0.0,,0.0,4.311,0.0,0.0,1.0,0.0
422,05_relocation_capacity,移転・防災偏重,3,2.325,2.325,0.0,,0.0,1.325,0.0,0.0,1.0,0.0
422,06_balanced,バランス型,1,10.0,10.0,0.0,,1.0,1.0,5.0,1.0,1.0,1.0
422,06_balanced,バランス型,2,7.31,7.31,0.0,,2.31,0.0,0.0,2.0,1.0,2.0
422,06_balanced,バランス型,3,5.549,5.0,0.549,unused_mana=0.55,0.0,0.0,0.0,2.0,1.0,2.0
422,07_late_response,後手対応,1,10.0,0.0,10.0,unused_mana=10.00,0.0,0.0,0.0,0.0,0.0,0.0
422,07_late_response,後手対応,2,7.254,7.254,0.0,,0.0,0.0,5.0,0.0,1.0,1.254
422,07_late_response,後手対応,3,5.29,5.0,0.29,unused_mana=0.29,0.0,0.0,5.0,0.0,0.0,0.0
422,08_ecosystem_sacrifice,生態系犠牲型,1,10.0,10.0,0.0,,0.0,0.0,10.0,0.0,0.0,0.0
422,08_ecosystem_sacrifice,生態系犠牲型,2,7.299,7.299,0.0,,0.0,0.0,7.299,0.0,0.0,0.0
422,08_ecosystem_sacrifice,生態系犠牲型,3,5.644,5.644,0.0,,0.0,0.0,5.644,0.0,0.0,0.0
422,09_flood_neglect,洪水軽視型,1,10.0,10.0,0.0,,8.0,0.0,0.0,0.0,0.0,2.0
422,09_flood_neglect,洪水軽視型,2,7.254,7.254,0.0,,5.254,0.0,0.0,0.0,0.0,2.0
422,09_flood_neglect,洪水軽視型,3,5.287,5.287,0.0,,3.287,0.0,0.0,0.0,0.0,2.0
423,01_no_policy,放置,1,10.0,0.0,10.0,,0.0,0.0,0.0,0.0,0.0,0.0
423,01_no_policy,放置,2,7.704,0.0,7.704,,0.0,0.0,0.0,0.0,0.0,0.0
423,01_no_policy,放置,3,5.194,0.0,5.194,,0.0,0.0,0.0,0.0,0.0,0.0
423,02_hard_infra,堤防偏重,1,10.0,10.0,0.0,,0.0,0.0,10.0,0.0,0.0,0.0
423,02_hard_infra,堤防偏重,2,7.748,7.748,0.0,,0.0,0.0,7.748,0.0,0.0,0.0
423,02_hard_infra,堤防偏重,3,5.601,5.601,0.0,,0.0,0.0,5.601,0.0,0.0,0.0
423,03_nature_based,自然共生偏重,1,10.0,10.0,0.0,,4.0,0.0,0.0,6.0,0.0,0.0
423,03_nature_based,自然共生偏重,2,7.717,7.717,0.0,,1.717,0.0,0.0,6.0,0.0,0.0
423,03_nature_based,自然共生偏重,3,5.314,5.314,0.0,,0.0,0.0,0.0,5.314,0.0,0.0
423,04_agri_rnd,農業R&D偏重,1,10.0,10.0,0.0,,8.0,0.0,0.0,0.0,0.0,2.0
423,04_agri_rnd,農業R&D偏重,2,7.704,7.704,0.0,,5.704,0.0,0.0,0.0,0.0,2.0
423,04_agri_rnd,農業R&D偏重,3,5.287,5.287,0.0,,3.287,0.0,0.0,0.0,0.0,2.0
423,05_relocation_capacity,移転・防災偏重,1,10.0,10.0,0.0,,0.0,9.0,0.0,0.0,1.0,0.0
423,05_relocation_capacity,移転・防災偏重,2,5.744,5.744,0.0,,0.0,4.744,0.0,0.0,1.0,0.0
423,05_relocation_capacity,移転・防災偏重,3,2.222,2.222,0.0,,0.0,1.222,0.0,0.0,1.0,0.0
423,06_balanced,バランス型,1,10.0,10.0,0.0,,1.0,1.0,5.0,1.0,1.0,1.0
423,06_balanced,バランス型,2,7.753,7.753,0.0,,2.753,0.0,0.0,2.0,1.0,2.0
423,06_balanced,バランス型,3,5.554,5.0,0.554,unused_mana=0.55,0.0,0.0,0.0,2.0,1.0,2.0
423,07_late_response,後手対応,1,10.0,0.0,10.0,unused_mana=10.00,0.0,0.0,0.0,0.0,0.0,0.0
423,07_late_response,後手対応,2,7.704,7.704,0.0,,0.0,0.0,5.0,0.0,1.0,1.704
423,07_late_response,後手対応,3,5.293,5.0,0.293,unused_mana=0.29,0.0,0.0,5.0,0.0,0.0,0.0
423,08_ecosystem_sacrifice,生態系犠牲型,1,10.0,10.0,0.0,,0.0,0.0,10.0,0.0,0.0,0.0
423,08_ecosystem_sacrifice,生態系犠牲型,2,7.748,7.748,0.0,,0.0,0.0,7.748,0.0,0.0,0.0
423,08_ecosystem_sacrifice,生態系犠牲型,3,5.601,5.601,0.0,,0.0,0.0,5.601,0.0,0.0,0.0
423,09_flood_neglect,洪水軽視型,1,10.0,10.0,0.0,,8.0,0.0,0.0,0.0,0.0,2.0
423,09_flood_neglect,洪水軽視型,2,7.704,7.704,0.0,,5.704,0.0,0.0,0.0,0.0,2.0
423,09_flood_neglect,洪水軽視型,3,5.287,5.287,0.0,,3.287,0.0,0.0,0.0,0.0,2.0
424,01_no_policy,放置,1,10.0,0.0,10.0,,0.0,0.0,0.0,0.0,0.0,0.0
424,01_no_policy,放置,2,8.101,0.0,8.101,,0.0,0.0,0.0,0.0,0.0,0.0
424,01_no_policy,放置,3,5.202,0.0,5.202,,0.0,0.0,0.0,0.0,0.0,0.0
424,02_hard_infra,堤防偏重,1,10.0,10.0,0.0,,0.0,0.0,10.0,0.0,0.0,0.0
424,02_hard_infra,堤防偏重,2,8.144,8.144,0.0,,0.0,0.0,8.144,0.0,0.0,0.0
424,02_hard_infra,堤防偏重,3,5.607,5.607,0.0,,0.0,0.0,5.607,0.0,0.0,0.0
424,03_nature_based,自然共生偏重,1,10.0,10.0,0.0,,4.0,0.0,0.0,6.0,0.0,0.0
424,03_nature_based,自然共生偏重,2,8.111,8.111,0.0,,2.111,0.0,0.0,6.0,0.0,0.0
424,03_nature_based,自然共生偏重,3,5.317,5.317,0.0,,0.0,0.0,0.0,5.317,0.0,0.0
424,04_agri_rnd,農業R&D偏重,1,10.0,10.0,0.0,,8.0,0.0,0.0,0.0,0.0,2.0
424,04_agri_rnd,農業R&D偏重,2,8.101,8.101,0.0,,6.101,0.0,0.0,0.0,0.0,2.0
424,04_agri_rnd,農業R&D偏重,3,5.287,5.287,0.0,,3.287,0.0,0.0,0.0,0.0,2.0
424,05_relocation_capacity,移転・防災偏重,1,10.0,10.0,0.0,,0.0,9.0,0.0,0.0,1.0,0.0
424,05_relocation_capacity,移転・防災偏重,2,6.131,6.131,0.0,,0.0,5.131,0.0,0.0,1.0,0.0
424,05_relocation_capacity,移転・防災偏重,3,2.133,2.133,0.0,,0.0,1.133,0.0,0.0,1.0,0.0
424,06_balanced,バランス型,1,10.0,10.0,0.0,,1.0,1.0,5.0,1.0,1.0,1.0
424,06_balanced,バランス型,2,8.145,8.145,0.0,,3.145,0.0,0.0,2.0,1.0,2.0
424,06_balanced,バランス型,3,5.558,5.0,0.558,unused_mana=0.56,0.0,0.0,0.0,2.0,1.0,2.0
424,07_late_response,後手対応,1,10.0,0.0,10.0,unused_mana=10.00,0.0,0.0,0.0,0.0,0.0,0.0
424,07_late_response,後手対応,2,8.101,8.0,0.101,unused_mana=0.10,0.0,0.0,5.0,0.0,1.0,2.0
424,07_late_response,後手対応,3,5.295,5.0,0.295,unused_mana=0.29,0.0,0.0,5.0,0.0,0.0,0.0
424,08_ecosystem_sacrifice,生態系犠牲型,1,10.0,10.0,0.0,,0.0,0.0,10.0,0.0,0.0,0.0
424,08_ecosystem_sacrifice,生態系犠牲型,2,8.144,8.144,0.0,,0.0,0.0,8.144,0.0,0.0,0.0
424,08_ecosystem_sacrifice,生態系犠牲型,3,5.607,5.607,0.0,,0.0,0.0,5.607,0.0,0.0,0.0
424,09_flood_neglect,洪水軽視型,1,10.0,10.0,0.0,,8.0,0.0,0.0,0.0,0.0,2.0
424,09_flood_neglect,洪水軽視型,2,8.101,8.101,0.0,,6.101,0.0,0.0,0.0,0.0,2.0
424,09_flood_neglect,洪水軽視型,3,5.287,5.287,0.0,,3.287,0.0,0.0,0.0,0.0,2.0
425,01_no_policy,放置,1,10.0,0.0,10.0,,0.0,0.0,0.0,0.0,0.0,0.0
425,01_no_policy,放置,2,7.599,0.0,7.599,,0.0,0.0,0.0,0.0,0.0,0.0
425,01_no_policy,放置,3,5.146,0.0,5.146,,0.0,0.0,0.0,0.0,0.0,0.0
425,02_hard_infra,堤防偏重,1,10.0,10.0,0.0,,0.0,0.0,10.0,0.0,0.0,0.0
425,02_hard_infra,堤防偏重,2,7.737,7.737,0.0,,0.0,0.0,7.737,0.0,0.0,0.0
425,02_hard_infra,堤防偏重,3,5.668,5.668,0.0,,0.0,0.0,5.668,0.0,0.0,0.0
425,03_nature_based,自然共生偏重,1,10.0,10.0,0.0,,4.0,0.0,0.0,6.0,0.0,0.0
425,03_nature_based,自然共生偏重,2,7.632,7.632,0.0,,1.632,0.0,0.0,6.0,0.0,0.0
425,03_nature_based,自然共生偏重,3,5.302,5.302,0.0,,0.0,0.0,0.0,5.302,0.0,0.0
425,04_agri_rnd,農業R&D偏重,1,10.0,10.0,0.0,,8.0,0.0,0.0,0.0,0.0,2.0
425,04_agri_rnd,農業R&D偏重,2,7.599,7.599,0.0,,5.599,0.0,0.0,0.0,0.0,2.0
425,04_agri_rnd,農業R&D偏重,3,5.311,5.311,0.0,,3.311,0.0,0.0,0.0,0.0,2.0
425,05_relocation_capacity,移転・防災偏重,1,10.0,10.0,0.0,,0.0,9.0,0.0,0.0,1.0,0.0
425,05_relocation_capacity,移転・防災偏重,2,5.713,5.713,0.0,,0.0,4.713,0.0,0.0,1.0,0.0
425,05_relocation_capacity,移転・防災偏重,3,2.176,2.176,0.0,,0.0,1.176,0.0,0.0,1.0,0.0
425,06_balanced,バランス型,1,10.0,10.0,0.0,,1.0,1.0,5.0,1.0,1.0,1.0
425,06_balanced,バランス型,2,7.746,7.746,0.0,,2.746,0.0,0.0,2.0,1.0,2.0
425,06_balanced,バランス型,3,5.526,5.0,0.526,unused_mana=0.53,0.0,0.0,0.0,2.0,1.0,2.0
425,07_late_response,後手対応,1,10.0,0.0,10.0,unused_mana=10.00,0.0,0.0,0.0,0.0,0.0,0.0
425,07_late_response,後手対応,2,7.599,7.599,0.0,,0.0,0.0,5.0,0.0,1.0,1.599
425,07_late_response,後手対応,3,5.324,5.0,0.324,unused_mana=0.32,0.0,0.0,5.0,0.0,0.0,0.0
425,08_ecosystem_sacrifice,生態系犠牲型,1,10.0,10.0,0.0,,0.0,0.0,10.0,0.0,0.0,0.0
425,08_ecosystem_sacrifice,生態系犠牲型,2,7.737,7.737,0.0,,0.0,0.0,7.737,0.0,0.0,0.0
425,08_ecosystem_sacrifice,生態系犠牲型,3,5.668,5.668,0.0,,0.0,0.0,5.668,0.0,0.0,0.0
425,09_flood_neglect,洪水軽視型,1,10.0,10.0,0.0,,8.0,0.0,0.0,0.0,0.0,2.0
425,09_flood_neglect,洪水軽視型,2,7.599,7.599,0.0,,5.599,0.0,0.0,0.0,0.0,2.0
425,09_flood_neglect,洪水軽視型,3,5.311,5.311,0.0,,3.311,0.0,0.0,0.0,0.0,2.0
426,01_no_policy,放置,1,10.0,0.0,10.0,,0.0,0.0,0.0,0.0,0.0,0.0
426,01_no_policy,放置,2,7.604,0.0,7.604,,0.0,0.0,0.0,0.0,0.0,0.0
426,01_no_policy,放置,3,5.154,0.0,5.154,,0.0,0.0,0.0,0.0,0.0,0.0
426,02_hard_infra,堤防偏重,1,10.0,10.0,0.0,,0.0,0.0,10.0,0.0,0.0,0.0
426,02_hard_infra,堤防偏重,2,7.698,7.698,0.0,,0.0,0.0,7.698,0.0,0.0,0.0
426,02_hard_infra,堤防偏重,3,5.673,5.673,0.0,,0.0,0.0,5.673,0.0,0.0,0.0
426,03_nature_based,自然共生偏重,1,10.0,10.0,0.0,,4.0,0.0,0.0,6.0,0.0,0.0
426,03_nature_based,自然共生偏重,2,7.635,7.635,0.0,,1.635,0.0,0.0,6.0,0.0,0.0
426,03_nature_based,自然共生偏重,3,5.306,5.306,0.0,,0.0,0.0,0.0,5.306,0.0,0.0
426,04_agri_rnd,農業R&D偏重,1,10.0,10.0,0.0,,8.0,0.0,0.0,0.0,0.0,2.0
426,04_agri_rnd,農業R&D偏重,2,7.604,7.604,0.0,,5.604,0.0,0.0,0.0,0.0,2.0
426,04_agri_rnd,農業R&D偏重,3,5.311,5.311,0.0,,3.311,0.0,0.0,0.0,0.0,2.0
426,05_relocation_capacity,移転・防災偏重,1,10.0,10.0,0.0,,0.0,9.0,0.0,0.0,1.0,0.0
426,05_relocation_capacity,移転・防災偏重,2,5.712,5.712,0.0,,0.0,4.712,0.0,0.0,1.0,0.0
426,05_relocation_capacity,移転・防災偏重,3,2.185,2.185,0.0,,0.0,1.185,0.0,0.0,1.0,0.0
426,06_balanced,バランス型,1,10.0,10.0,0.0,,1.0,1.0,5.0,1.0,1.0,1.0
426,06_balanced,バランス型,2,7.747,7.747,0.0,,2.747,0.0,0.0,2.0,1.0,2.0
426,06_balanced,バランス型,3,5.53,5.0,0.53,unused_mana=0.53,0.0,0.0,0.0,2.0,1.0,2.0
426,07_late_response,後手対応,1,10.0,0.0,10.0,unused_mana=10.00,0.0,0.0,0.0,0.0,0.0,0.0
426,07_late_response,後手対応,2,7.604,7.604,0.0,,0.0,0.0,5.0,0.0,1.0,1.604
426,07_late_response,後手対応,3,5.326,5.0,0.326,unused_mana=0.33,0.0,0.0,5.0,0.0,0.0,0.0
426,08_ecosystem_sacrifice,生態系犠牲型,1,10.0,10.0,0.0,,0.0,0.0,10.0,0.0,0.0,0.0
426,08_ecosystem_sacrifice,生態系犠牲型,2,7.698,7.698,0.0,,0.0,0.0,7.698,0.0,0.0,0.0
426,08_ecosystem_sacrifice,生態系犠牲型,3,5.673,5.673,0.0,,0.0,0.0,5.673,0.0,0.0,0.0
426,09_flood_neglect,洪水軽視型,1,10.0,10.0,0.0,,8.0,0.0,0.0,0.0,0.0,2.0
426,09_flood_neglect,洪水軽視型,2,7.604,7.604,0.0,,5.604,0.0,0.0,0.0,0.0,2.0
426,09_flood_neglect,洪水軽視型,3,5.311,5.311,0.0,,3.311,0.0,0.0,0.0,0.0,2.0
427,01_no_policy,放置,1,10.0,0.0,10.0,,0.0,0.0,0.0,0.0,0.0,0.0
427,01_no_policy,放置,2,7.609,0.0,7.609,,0.0,0.0,0.0,0.0,0.0,0.0
427,01_no_policy,放置,3,4.73,0.0,4.73,,0.0,0.0,0.0,0.0,0.0,0.0
427,02_hard_infra,堤防偏重,1,10.0,10.0,0.0,,0.0,0.0,10.0,0.0,0.0,0.0
427,02_hard_infra,堤防偏重,2,7.703,7.703,0.0,,0.0,0.0,7.703,0.0,0.0,0.0
427,02_hard_infra,堤防偏重,3,5.461,5.461,0.0,,0.0,0.0,5.461,0.0,0.0,0.0
427,03_nature_based,自然共生偏重,1,10.0,10.0,0.0,,4.0,0.0,0.0,6.0,0.0,0.0
427,03_nature_based,自然共生偏重,2,7.638,7.638,0.0,,1.638,0.0,0.0,6.0,0.0,0.0
427,03_nature_based,自然共生偏重,3,4.934,4.934,0.0,,0.0,0.0,0.0,4.934,0.0,0.0
427,04_agri_rnd,農業R&D偏重,1,10.0,10.0,0.0,,8.0,0.0,0.0,0.0,0.0,2.0
427,04_agri_rnd,農業R&D偏重,2,7.609,7.609,0.0,,5.609,0.0,0.0,0.0,0.0,2.0
427,04_agri_rnd,農業R&D偏重,3,4.943,4.943,0.0,,2.943,0.0,0.0,0.0,0.0,2.0
427,05_relocation_capacity,移転・防災偏重,1,10.0,10.0,0.0,,0.0,9.0,0.0,0.0,1.0,0.0
427,05_relocation_capacity,移転・防災偏重,2,5.71,5.71,0.0,,0.0,4.71,0.0,0.0,1.0,0.0
427,05_relocation_capacity,移転・防災偏重,3,1.937,1.0,0.937,unused_mana=0.94,0.0,0.0,0.0,0.0,1.0,0.0
427,06_balanced,バランス型,1,10.0,10.0,0.0,,1.0,1.0,5.0,1.0,1.0,1.0
427,06_balanced,バランス型,2,7.748,7.748,0.0,,2.748,0.0,0.0,2.0,1.0,2.0
427,06_balanced,バランス型,3,5.265,5.0,0.265,unused_mana=0.26,0.0,0.0,0.0,2.0,1.0,2.0
427,07_late_response,後手対応,1,10.0,0.0,10.0,unused_mana=10.00,0.0,0.0,0.0,0.0,0.0,0.0
427,07_late_response,後手対応,2,7.609,7.609,0.0,,0.0,0.0,5.0,0.0,1.0,1.609
427,07_late_response,後手対応,3,4.951,4.951,0.0,,0.0,0.0,0.0,1.951,1.0,2.0
427,08_ecosystem_sacrifice,生態系犠牲型,1,10.0,10.0,0.0,,0.0,0.0,10.0,0.0,0.0,0.0
427,08_ecosystem_sacrifice,生態系犠牲型,2,7.703,7.703,0.0,,0.0,0.0,7.703,0.0,0.0,0.0
427,08_ecosystem_sacrifice,生態系犠牲型,3,5.461,5.461,0.0,,0.0,0.0,5.461,0.0,0.0,0.0
427,09_flood_neglect,洪水軽視型,1,10.0,10.0,0.0,,8.0,0.0,0.0,0.0,0.0,2.0
427,09_flood_neglect,洪水軽視型,2,7.609,7.609,0.0,,5.609,0.0,0.0,0.0,0.0,2.0
427,09_flood_neglect,洪水軽視型,3,4.943,4.943,0.0,,2.943,0.0,0.0,0.0,0.0,2.0
428,01_no_policy,放置,1,10.0,0.0,10.0,,0.0,0.0,0.0,0.0,0.0,0.0
428,01_no_policy,放置,2,7.937,0.0,7.937,,0.0,0.0,0.0,0.0,0.0,0.0
428,01_no_policy,放置,3,4.739,0.0,4.739,,0.0,0.0,0.0,0.0,0.0,0.0
428,02_hard_infra,堤防偏重,1,10.0,10.0,0.0,,0.0,0.0,10.0,0.0,0.0,0.0
428,02_hard_infra,堤防偏重,2,8.03,8.03,0.0,,0.0,0.0,8.03,0.0,0.0,0.0
428,02_hard_infra,堤防偏重,3,5.415,5.415,0.0,,0.0,0.0,5.415,0.0,0.0,0.0
428,03_nature_based,自然共生偏重,1,10.0,10.0,0.0,,4.0,0.0,0.0,6.0,0.0,0.0
428,03_nature_based,自然共生偏重,2,7.957,7.957,0.0,,1.957,0.0,0.0,6.0,0.0,0.0
428,03_nature_based,自然共生偏重,3,4.938,4.938,0.0,,0.0,0.0,0.0,4.938,0.0,0.0
428,04_agri_rnd,農業R&D偏重,1,10.0,10.0,0.0,,8.0,0.0,0.0,0.0,0.0,2.0
428,04_agri_rnd,農業R&D偏重,2,7.937,7.937,0.0,,5.937,0.0,0.0,0.0,0.0,2.0
428,04_agri_rnd,農業R&D偏重,3,4.941,4.941,0.0,,2.941,0.0,0.0,0.0,0.0,2.0
428,05_relocation_capacity,移転・防災偏重,1,10.0,10.0,0.0,,0.0,9.0,0.0,0.0,1.0,0.0
428,05_relocation_capacity,移転・防災偏重,2,5.972,5.972,0.0,,0.0,4.972,0.0,0.0,1.0,0.0
428,05_relocation_capacity,移転・防災偏重,3,1.881,1.0,0.881,unused_mana=0.88,0.0,0.0,0.0,0.0,1.0,0.0
428,06_balanced,バランス型,1,10.0,10.0,0.0,,1.0,1.0,5.0,1.0,1.0,1.0
428,06_balanced,バランス型,2,8.039,8.039,0.0,,3.039,0.0,0.0,2.0,1.0,2.0
428,06_balanced,バランス型,3,5.269,5.0,0.269,unused_mana=0.27,0.0,0.0,0.0,2.0,1.0,2.0
428,07_late_response,後手対応,1,10.0,0.0,10.0,unused_mana=10.00,0.0,0.0,0.0,0.0,0.0,0.0
428,07_late_response,後手対応,2,7.937,7.937,0.0,,0.0,0.0,5.0,0.0,1.0,1.937
428,07_late_response,後手対応,3,4.954,4.954,0.0,,0.0,0.0,0.0,1.954,1.0,2.0
428,08_ecosystem_sacrifice,生態系犠牲型,1,10.0,10.0,0.0,,0.0,0.0,10.0,0.0,0.0,0.0
428,08_ecosystem_sacrifice,生態系犠牲型,2,8.03,8.03,0.0,,0.0,0.0,8.03,0.0,0.0,0.0
428,08_ecosystem_sacrifice,生態系犠牲型,3,5.415,5.415,0.0,,0.0,0.0,5.415,0.0,0.0,0.0
428,09_flood_neglect,洪水軽視型,1,10.0,10.0,0.0,,8.0,0.0,0.0,0.0,0.0,2.0
428,09_flood_neglect,洪水軽視型,2,7.937,7.937,0.0,,5.937,0.0,0.0,0.0,0.0,2.0
428,09_flood_neglect,洪水軽視型,3,4.941,4.941,0.0,,2.941,0.0,0.0,0.0,0.0,2.0
429,01_no_policy,放置,1,10.0,0.0,10.0,,0.0,0.0,0.0,0.0,0.0,0.0
429,01_no_policy,放置,2,7.542,0.0,7.542,,0.0,0.0,0.0,0.0,0.0,0.0
429,01_no_policy,放置,3,5.147,0.0,5.147,,0.0,0.0,0.0,0.0,0.0,0.0
429,02_hard_infra,堤防偏重,1,10.0,10.0,0.0,,0.0,0.0,10.0,0.0,0.0,0.0
429,02_hard_infra,堤防偏重,2,7.729,7.729,0.0,,0.0,0.0,7.729,0.0,0.0,0.0
429,02_hard_infra,堤防偏重,3,5.725,5.725,0.0,,0.0,0.0,5.725,0.0,0.0,0.0
429,03_nature_based,自然共生偏重,1,10.0,10.0,0.0,,4.0,0.0,0.0,6.0,0.0,0.0
429,03_nature_based,自然共生偏重,2,7.585,7.585,0.0,,1.585,0.0,0.0,6.0,0.0,0.0
429,03_nature_based,自然共生偏重,3,5.316,5.316,0.0,,0.0,0.0,0.0,5.316,0.0,0.0
429,04_agri_rnd,農業R&D偏重,1,10.0,10.0,0.0,,8.0,0.0,0.0,0.0,0.0,2.0
429,04_agri_rnd,農業R&D偏重,2,7.542,7.542,0.0,,5.542,0.0,0.0,0.0,0.0,2.0
429,04_agri_rnd,農業R&D偏重,3,5.337,5.337,0.0,,3.337,0.0,0.0,0.0,0.0,2.0
429,05_relocation_capacity,移転・防災偏重,1,10.0,10.0,0.0,,0.0,9.0,0.0,0.0,1.0,0.0
429,05_relocation_capacity,移転・防災偏重,2,5.706,5.706,0.0,,0.0,4.706,0.0,0.0,1.0,0.0
429,05_relocation_capacity,移転・防災偏重,3,2.214,2.214,0.0,,0.0,1.214,0.0,0.0,1.0,0.0
429,06_balanced,バランス型,1,10.0,10.0,0.0,,1.0,1.0,5.0,1.0,1.0,1.0
429,06_balanced,バランス型,2,7.764,7.764,0.0,,2.764,0.0,0.0,2.0,1.0,2.0
429,06_balanced,バランス型,3,5.55,5.0,0.55,unused_mana=0.55,0.0,0.0,0.0,2.0,1.0,2.0
429,07_late_response,後手対応,1,10.0,0.0,10.0,unused_mana=10.00,0.0,0.0,0.0,0.0,0.0,0.0
429,07_late_response,後手対応,2,7.542,7.542,0.0,,0.0,0.0,5.0,0.0,1.0,1.542
429,07_late_response,後手対応,3,5.359,5.0,0.359,unused_mana=0.36,0.0,0.0,5.0,0.0,0.0,0.0
429,08_ecosystem_sacrifice,生態系犠牲型,1,10.0,10.0,0.0,,0.0,0.0,10.0,0.0,0.0,0.0
429,08_ecosystem_sacrifice,生態系犠牲型,2,7.729,7.729,0.0,,0.0,0.0,7.729,0.0,0.0,0.0
429,08_ecosystem_sacrifice,生態系犠牲型,3,5.725,5.725,0.0,,0.0,0.0,5.725,0.0,0.0,0.0
429,09_flood_neglect,洪水軽視型,1,10.0,10.0,0.0,,8.0,0.0,0.0,0.0,0.0,2.0
429,09_flood_neglect,洪水軽視型,2,7.542,7.542,0.0,,5.542,0.0,0.0,0.0,0.0,2.0
429,09_flood_neglect,洪水軽視型,3,5.337,5.337,0.0,,3.337,0.0,0.0,0.0,0.0,2.0
430,01_no_policy,放置,1,10.0,0.0,10.0,,0.0,0.0,0.0,0.0,0.0,0.0
430,01_no_policy,放置,2,7.547,0.0,7.547,,0.0,0.0,0.0,0.0,0.0,0.0
430,01_no_policy,放置,3,5.154,0.0,5.154,,0.0,0.0,0.0,0.0,0.0,0.0
430,02_hard_infra,堤防偏重,1,10.0,10.0,0.0,,0.0,0.0,10.0,0.0,0.0,0.0
430,02_hard_infra,堤防偏重,2,7.687,7.687,0.0,,0.0,0.0,7.687,0.0,0.0,0.0
430,02_hard_infra,堤防偏重,3,5.729,5.729,0.0,,0.0,0.0,5.729,0.0,0.0,0.0
430,03_nature_based,自然共生偏重,1,10.0,10.0,0.0,,4.0,0.0,0.0,6.0,0.0,0.0
430,03_nature_based,自然共生偏重,2,7.588,7.588,0.0,,1.588,0.0,0.0,6.0,0.0,0.0
430,03_nature_based,自然共生偏重,3,5.317,5.317,0.0,,0.0,0.0,0.0,5.317,0.0,0.0
430,04_agri_rnd,農業R&D偏重,1,10.0,10.0,0.0,,8.0,0.0,0.0,0.0,0.0,2.0
430,04_agri_rnd,農業R&D偏重,2,7.547,7.547,0.0,,5.547,0.0,0.0,0.0,0.0,2.0
430,04_agri_rnd,農業R&D偏重,3,5.333,5.333,0.0,,3.333,0.0,0.0,0.0,0.0,2.0
430,05_relocation_capacity,移転・防災偏重,1,10.0,10.0,0.0,,0.0,9.0,0.0,0.0,1.0,0.0
430,05_relocation_capacity,移転・防災偏重,2,5.706,5.706,0.0,,0.0,4.706,0.0,0.0,1.0,0.0
430,05_relocation_capacity,移転・防災偏重,3,2.223,2.223,0.0,,0.0,1.223,0.0,0.0,1.0,0.0
430,06_balanced,バランス型,1,10.0,10.0,0.0,,1.0,1.0,5.0,1.0,1.0,1.0
430,06_balanced,バランス型,2,7.711,7.711,0.0,,2.711,0.0,0.0,2.0,1.0,2.0
430,06_balanced,バランス型,3,5.554,5.0,0.554,unused_mana=0.55,0.0,0.0,0.0,2.0,1.0,2.0
430,07_late_response,後手対応,1,10.0,0.0,10.0,unused_mana=10.00,0.0,0.0,0.0,0.0,0.0,0.0
430,07_late_response,後手対応,2,7.547,7.547,0.0,,0.0,0.0,5.0,0.0,1.0,1.547
430,07_late_response,後手対応,3,5.364,5.0,0.364,unused_mana=0.36,0.0,0.0,5.0,0.0,0.0,0.0
430,08_ecosystem_sacrifice,生態系犠牲型,1,10.0,10.0,0.0,,0.0,0.0,10.0,0.0,0.0,0.0
430,08_ecosystem_sacrifice,生態系犠牲型,2,7.687,7.687,0.0,,0.0,0.0,7.687,0.0,0.0,0.0
430,08_ecosystem_sacrifice,生態系犠牲型,3,5.729,5.729,0.0,,0.0,0.0,5.729,0.0,0.0,0.0
430,09_flood_neglect,洪水軽視型,1,10.0,10.0,0.0,,8.0,0.0,0.0,0.0,0.0,2.0
430,09_flood_neglect,洪水軽視型,2,7.547,7.547,0.0,,5.547,0.0,0.0,0.0,0.0,2.0
430,09_flood_neglect,洪水軽視型,3,5.333,5.333,0.0,,3.333,0.0,0.0,0.0,0.0,2.0
